
insert into trabajopractico.planta (nombre) values ('Yangxi');
insert into trabajopractico.planta (nombre) values ('Cumaná');
insert into trabajopractico.planta (nombre) values ('Derbent');
insert into trabajopractico.planta (nombre) values ('Tagoloan');
insert into trabajopractico.planta (nombre) values ('Nobinobi');
insert into trabajopractico.planta (nombre) values ('Deskle');
insert into trabajopractico.planta (nombre) values ('Parung');
insert into trabajopractico.planta (nombre) values ('Sosnovka');
insert into trabajopractico.planta (nombre) values ('Uddevalla');
insert into trabajopractico.planta (nombre) values ('El Fureidīs');
insert into trabajopractico.planta (nombre) values ('Zhongfang');
insert into trabajopractico.planta (nombre) values ('Salaš Crnobarski');
insert into trabajopractico.planta (nombre) values ('Masindi');
insert into trabajopractico.planta (nombre) values ('Anao');
insert into trabajopractico.planta (nombre) values ('Corrientes');

insert into trabajopractico.camion (id, nombre, modelo, kmrecorridos, costoporkm, costoporhora, fechadecompra, idplanta) values (1, 'Greenfelder and Sons', 'xB', 286143.34, 135.64, 20020.22, '2020-06-07 05:49:31', 5);
insert into trabajopractico.camion (id, nombre, modelo, kmrecorridos, costoporkm, costoporhora, fechadecompra, idplanta) values (2, 'Hamill Group', 'Range Rover', 419440.098, 590.78, 48551.45, '2020-06-02 15:29:51', 2);
insert into trabajopractico.camion (id, nombre, modelo, kmrecorridos, costoporkm, costoporhora, fechadecompra, idplanta) values (3, 'Gleason-Hilpert', 'Imperial', 478498.067, 909.13, 523.91, '2017-08-04 22:24:29', 10);
insert into trabajopractico.camion (id, nombre, modelo, kmrecorridos, costoporkm, costoporhora, fechadecompra, idplanta) values (4, 'Grady Group', 'Cooper Countryman', 999877.791, 507.36, 19984.6, '2019-12-02 09:09:01', 1);
insert into trabajopractico.camion (id, nombre, modelo, kmrecorridos, costoporkm, costoporhora, fechadecompra, idplanta) values (5, 'Jacobi, West and Heaney', 'RVR', 378560.452, 761.52, 54693.51, '2017-10-11 12:21:12', 3);
insert into trabajopractico.camion (id, nombre, modelo, kmrecorridos, costoporkm, costoporhora, fechadecompra, idplanta) values (6, 'Pouros-Howe', 'Escalade', 162292.755, 308.05, 36702.13, '2017-11-02 19:21:02', 2);
insert into trabajopractico.camion (id, nombre, modelo, kmrecorridos, costoporkm, costoporhora, fechadecompra, idplanta) values (7, 'Hayes, Witting and Hartmann', 'Caravan', 392434.459, 693.85, 16366.69, '2017-12-15 09:48:13', 6);
insert into trabajopractico.camion (id, nombre, modelo, kmrecorridos, costoporkm, costoporhora, fechadecompra, idplanta) values (8, 'Ziemann-Abshire', 'A6', 612996.466, 143.27, 17336.59, '2019-11-25 03:09:53', 9);
insert into trabajopractico.camion (id, nombre, modelo, kmrecorridos, costoporkm, costoporhora, fechadecompra, idplanta) values (9, 'Donnelly, Medhurst and Considine', '900', 735794.786, 304.44, 16345.54, '2019-08-03 21:29:32', 1);
insert into trabajopractico.camion (id, nombre, modelo, kmrecorridos, costoporkm, costoporhora, fechadecompra, idplanta) values (10, 'Daugherty-Bartoletti', 'riolet', 569544.303, 575.38, 33692.41, '2017-12-04 15:19:04', 8);
insert into trabajopractico.camion (id, nombre, modelo, kmrecorridos, costoporkm, costoporhora, fechadecompra, idplanta) values (11, 'Yost-Thiel', 'Biturbo', 214452.78, 506.39, 10852.67, '2018-01-01 05:32:29', 2);
insert into trabajopractico.camion (id, nombre, modelo, kmrecorridos, costoporkm, costoporhora, fechadecompra, idplanta) values (12, 'Casper Group', 'Eclipse', 892320.878, 699.98, 40943.44, '2019-12-25 23:08:38', 8);
insert into trabajopractico.camion (id, nombre, modelo, kmrecorridos, costoporkm, costoporhora, fechadecompra, idplanta) values (13, 'Heaney Group', 'Mirage', 687661.063, 91.21, 27364.99, '2019-11-07 02:16:22', 1);
insert into trabajopractico.camion (id, nombre, modelo, kmrecorridos, costoporkm, costoporhora, fechadecompra, idplanta) values (14, 'Upton and Sons', 'Discovery', 148590.397, 827.68, 48268.56, '2018-11-28 23:35:45', 1);
insert into trabajopractico.camion (id, nombre, modelo, kmrecorridos, costoporkm, costoporhora, fechadecompra, idplanta) values (15, 'Cummerata, Koch and Grant', 'F350', 351397.225, 947.82, 3765.4, '2018-09-28 17:20:27', 1);
insert into trabajopractico.camion (id, nombre, modelo, kmrecorridos, costoporkm, costoporhora, fechadecompra, idplanta) values (16, 'Mohr-Moore', 'Golf', 391993.979, 711.18, 50889.78, '2019-06-14 09:05:00', 9);
insert into trabajopractico.camion (id, nombre, modelo, kmrecorridos, costoporkm, costoporhora, fechadecompra, idplanta) values (17, 'Cremin-Harber', 'A3', 602605.901, 548.38, 35168.23, '2019-06-26 08:39:34', 6);
insert into trabajopractico.camion (id, nombre, modelo, kmrecorridos, costoporkm, costoporhora, fechadecompra, idplanta) values (18, 'Littel, Beahan and Reilly', 'Quest', 577083.732, 351.15, 45457.46, '2018-06-22 17:19:31', 8);
insert into trabajopractico.camion (id, nombre, modelo, kmrecorridos, costoporkm, costoporhora, fechadecompra, idplanta) values (19, 'Robel-Douglas', 'Town Car', 597545.0, 412.48, 17005.11, '2020-02-24 05:46:04', 4);
insert into trabajopractico.camion (id, nombre, modelo, kmrecorridos, costoporkm, costoporhora, fechadecompra, idplanta) values (20, 'Schneider LLC', 'RL', 281756.254, 608.56, 31892.09, '2020-06-03 18:15:26', 1);

insert into trabajopractico.envio (id, costo, idcamion) values (1, 80455.54, 7);
insert into trabajopractico.envio (id, costo, idcamion) values (2, 15624.13, 9);
insert into trabajopractico.envio (id, costo, idcamion) values (3, 32202.34, 1);
insert into trabajopractico.envio (id, costo, idcamion) values (4, 70576.01, 3);
insert into trabajopractico.envio (id, costo, idcamion) values (5, 13626.48, 20);
insert into trabajopractico.envio (id, costo, idcamion) values (6, 72852.0, 1);
insert into trabajopractico.envio (id, costo, idcamion) values (7, 90227.19, 14);
insert into trabajopractico.envio (id, costo, idcamion) values (8, 8651.57, 10);
insert into trabajopractico.envio (id, costo, idcamion) values (9, 80456.19, 9);
insert into trabajopractico.envio (id, costo, idcamion) values (10, 59216.27, 9);
insert into trabajopractico.envio (id, costo, idcamion) values (11, 82875.92, 8);
insert into trabajopractico.envio (id, costo, idcamion) values (12, 13439.39, 15);
insert into trabajopractico.envio (id, costo, idcamion) values (13, 24092.2, 3);
insert into trabajopractico.envio (id, costo, idcamion) values (14, 34937.59, 17);
insert into trabajopractico.envio (id, costo, idcamion) values (15, 11322.52, 17);
insert into trabajopractico.envio (id, costo, idcamion) values (16, 9082.34, 10);
insert into trabajopractico.envio (id, costo, idcamion) values (17, 83091.49, 18);
insert into trabajopractico.envio (id, costo, idcamion) values (18, 40158.82, 15);
insert into trabajopractico.envio (id, costo, idcamion) values (19, 75415.73, 19);
insert into trabajopractico.envio (id, costo, idcamion) values (20, 32578.55, 7);

insert into trabajopractico.pedido (numerodeorden, fechasolicitud, fechaentrega, estado, idenvio, plantaorigen, plantadestino) values (1, '2019-01-07 06:33:21', '2020-01-26 09:00:24', 'CREADA', 14, 5, 6);
insert into trabajopractico.pedido (numerodeorden, fechasolicitud, fechaentrega, estado, idenvio, plantaorigen, plantadestino) values (2, '2019-01-30 01:43:53', '2020-02-10 16:34:27', 'PROCESADA', 15, 2, 3);
insert into trabajopractico.pedido (numerodeorden, fechasolicitud, fechaentrega, estado, idenvio, plantaorigen, plantadestino) values (3, '2019-05-06 08:12:35', '2020-05-13 05:53:11', 'CANCELADO', 15, 7, 4);
insert into trabajopractico.pedido (numerodeorden, fechasolicitud, fechaentrega, estado, idenvio, plantaorigen, plantadestino) values (4, '2018-08-28 13:01:52', '2020-05-03 12:22:18', 'ENTREGADA', 1, 1, 10);
insert into trabajopractico.pedido (numerodeorden, fechasolicitud, fechaentrega, estado, idenvio, plantaorigen, plantadestino) values (5, '2019-03-11 22:41:17', '2020-05-31 01:44:54', 'CREADA', 9, 3, 6);
insert into trabajopractico.pedido (numerodeorden, fechasolicitud, fechaentrega, estado, idenvio, plantaorigen, plantadestino) values (6, '2018-07-24 01:38:08', '2019-11-04 10:30:59', 'ENTREGADA', 16, 4, 3);
insert into trabajopractico.pedido (numerodeorden, fechasolicitud, fechaentrega, estado, idenvio, plantaorigen, plantadestino) values (7, '2019-02-01 05:17:16', '2020-06-22 08:41:32', 'CREADA', 19, 5, 7);
insert into trabajopractico.pedido (numerodeorden, fechasolicitud, fechaentrega, estado, idenvio, plantaorigen, plantadestino) values (8, '2019-01-20 22:24:55', '2019-08-20 02:35:32', 'CREADA', 4, 6, 4);
insert into trabajopractico.pedido (numerodeorden, fechasolicitud, fechaentrega, estado, idenvio, plantaorigen, plantadestino) values (9, '2019-07-14 20:40:33', '2020-02-21 03:07:54', 'ENTREGADA', 19, 5, 9);
insert into trabajopractico.pedido (numerodeorden, fechasolicitud, fechaentrega, estado, idenvio, plantaorigen, plantadestino) values (10, '2018-08-12 18:43:00', '2020-01-09 08:20:41', 'ENTREGADA', 15, 4, 7);
insert into trabajopractico.pedido (numerodeorden, fechasolicitud, fechaentrega, estado, idenvio, plantaorigen, plantadestino) values (11, '2019-03-23 08:18:56', '2020-02-25 16:56:14', 'CREADA', 9, 10, 2);
insert into trabajopractico.pedido (numerodeorden, fechasolicitud, fechaentrega, estado, idenvio, plantaorigen, plantadestino) values (12, '2019-07-19 11:50:49', '2020-06-04 21:10:01', 'ENTREGADA', 2, 5, 5);
insert into trabajopractico.pedido (numerodeorden, fechasolicitud, fechaentrega, estado, idenvio, plantaorigen, plantadestino) values (13, '2018-07-26 07:37:24', '2020-02-03 23:48:30', 'CANCELADO', 6, 2, 1);
insert into trabajopractico.pedido (numerodeorden, fechasolicitud, fechaentrega, estado, idenvio, plantaorigen, plantadestino) values (14, '2019-02-25 04:19:46', '2019-09-20 00:23:05', 'ENTREGADA', 14, 9, 4);
insert into trabajopractico.pedido (numerodeorden, fechasolicitud, fechaentrega, estado, idenvio, plantaorigen, plantadestino) values (15, '2018-11-09 11:41:55', '2019-12-07 11:41:23', 'PROCESADA', 11, 1, 1);



insert into trabajopractico.insumo (id, descripcion, unidaddemedida, costo) values (1, 'Front-line leading edge utilisation', 'PIEZA', 147.84);
insert into trabajopractico.insumo (id, descripcion, unidaddemedida, costo) values (2, 'Up-sized neutral challenge', 'GRAMO', 127.59);
insert into trabajopractico.insumo (id, descripcion, unidaddemedida, costo) values (3, 'Persevering local synergy', 'KILO', 39.38);
insert into trabajopractico.insumo (id, descripcion, unidaddemedida, costo) values (4, 'Seamless next generation instruction set', 'PIEZA', 64.01);
insert into trabajopractico.insumo (id, descripcion, unidaddemedida, costo) values (5, 'User-friendly 3rd generation open architecture', 'METRO', 60.35);
insert into trabajopractico.insumo (id, descripcion, unidaddemedida, costo) values (6, 'Devolved human-resource moderator', 'KILO', 19.14);
insert into trabajopractico.insumo (id, descripcion, unidaddemedida, costo) values (7, 'Face to face 6th generation product', 'LITRO', 11.39);
insert into trabajopractico.insumo (id, descripcion, unidaddemedida, costo) values (8, 'Phased heuristic forecast', 'KILO', 146.6);
insert into trabajopractico.insumo (id, descripcion, unidaddemedida, costo) values (9, 'Compatible client-server challenge', 'M2', 119.96);
insert into trabajopractico.insumo (id, descripcion, unidaddemedida, costo) values (10, 'De-engineered needs-based conglomeration', 'GRAMO', 122.71);
insert into trabajopractico.insumo (id, descripcion, unidaddemedida, costo) values (11, 'Multi-tiered intangible structure', 'M3', 129.9);
insert into trabajopractico.insumo (id, descripcion, unidaddemedida, costo) values (12, 'Multi-tiered bifurcated challenge', 'KILO', 63.58);
insert into trabajopractico.insumo (id, descripcion, unidaddemedida, costo) values (13, 'Implemented mobile intranet', 'METRO', 74.63);
insert into trabajopractico.insumo (id, descripcion, unidaddemedida, costo) values (14, 'Fundamental multi-tasking analyzer', 'METRO', 95.42);
insert into trabajopractico.insumo (id, descripcion, unidaddemedida, costo) values (15, 'Triple-buffered well-modulated encryption', 'M2', 4.64);
insert into trabajopractico.insumo (id, descripcion, unidaddemedida, costo) values (16, 'Profound neutral array', 'KILO', 75.49);
insert into trabajopractico.insumo (id, descripcion, unidaddemedida, costo) values (17, 'Digitized human-resource website', 'PIEZA', 46.54);
insert into trabajopractico.insumo (id, descripcion, unidaddemedida, costo) values (18, 'Face to face radical artificial intelligence', 'M2', 134.47);
insert into trabajopractico.insumo (id, descripcion, unidaddemedida, costo) values (19, 'Focused asynchronous access', 'M3', 99.72);
insert into trabajopractico.insumo (id, descripcion, unidaddemedida, costo) values (20, 'Optional composite projection', 'M3', 133.85);
insert into trabajopractico.insumo (id, descripcion, unidaddemedida, costo) values (21, 'Down-sized composite knowledge base', 'KILO', 9.38);
insert into trabajopractico.insumo (id, descripcion, unidaddemedida, costo) values (22, 'Quality-focused leading edge installation', 'M2', 134.65);
insert into trabajopractico.insumo (id, descripcion, unidaddemedida, costo) values (23, 'Horizontal optimal projection', 'M2', 95.15);
insert into trabajopractico.insumo (id, descripcion, unidaddemedida, costo) values (24, 'Reverse-engineered regional throughput', 'LITRO', 49.1);
insert into trabajopractico.insumo (id, descripcion, unidaddemedida, costo) values (25, 'Organic next generation budgetary management', 'PIEZA', 118.5);
insert into trabajopractico.insumo (id, descripcion, unidaddemedida, costo) values (26, 'Multi-tiered disintermediate parallelism', 'M3', 79.84);
insert into trabajopractico.insumo (id, descripcion, unidaddemedida, costo) values (27, 'Multi-tiered zero defect leverage', 'METRO', 103.78);
insert into trabajopractico.insumo (id, descripcion, unidaddemedida, costo) values (28, 'De-engineered homogeneous protocol', 'M2', 77.46);
insert into trabajopractico.insumo (id, descripcion, unidaddemedida, costo) values (29, 'Optional 4th generation circuit', 'M2', 31.15);
insert into trabajopractico.insumo (id, descripcion, unidaddemedida, costo) values (30, 'Networked clear-thinking archive', 'M2', 87.69);


insert into trabajopractico.itempedido (id, cantidad, numerodeorden, idinsumo) values (1, 749, 9, 6);
insert into trabajopractico.itempedido (id, cantidad, numerodeorden, idinsumo) values (2, 248, 6, 13);
insert into trabajopractico.itempedido (id, cantidad, numerodeorden, idinsumo) values (3, 566, 7, 12);
insert into trabajopractico.itempedido (id, cantidad, numerodeorden, idinsumo) values (4, 263, 13, 19);
insert into trabajopractico.itempedido (id, cantidad, numerodeorden, idinsumo) values (5, 789, 13, 13);
insert into trabajopractico.itempedido (id, cantidad, numerodeorden, idinsumo) values (6, 662, 6, 27);
insert into trabajopractico.itempedido (id, cantidad, numerodeorden, idinsumo) values (7, 694, 15, 6);
insert into trabajopractico.itempedido (id, cantidad, numerodeorden, idinsumo) values (8, 560, 3, 27);
insert into trabajopractico.itempedido (id, cantidad, numerodeorden, idinsumo) values (9, 796, 13, 6);
insert into trabajopractico.itempedido (id, cantidad, numerodeorden, idinsumo) values (10, 915, 9, 18);
insert into trabajopractico.itempedido (id, cantidad, numerodeorden, idinsumo) values (11, 289, 15, 20);
insert into trabajopractico.itempedido (id, cantidad, numerodeorden, idinsumo) values (12, 716, 3, 7);
insert into trabajopractico.itempedido (id, cantidad, numerodeorden, idinsumo) values (13, 643, 14, 1);
insert into trabajopractico.itempedido (id, cantidad, numerodeorden, idinsumo) values (14, 316, 1, 9);
insert into trabajopractico.itempedido (id, cantidad, numerodeorden, idinsumo) values (15, 671, 10, 22);


insert into trabajopractico.insumoliquido (id, densidad) values (1, 81.2515);
insert into trabajopractico.insumoliquido (id, densidad) values (2, 9.6818);
insert into trabajopractico.insumoliquido (id, densidad) values (3, 37.2588);
insert into trabajopractico.insumoliquido (id, densidad) values (4, 73.76);
insert into trabajopractico.insumoliquido (id, densidad) values (5, 43.8956);
insert into trabajopractico.insumoliquido (id, densidad) values (6, 80.4084);
insert into trabajopractico.insumoliquido (id, densidad) values (7, 14.4275);
insert into trabajopractico.insumoliquido (id, densidad) values (8, 21.5462);
insert into trabajopractico.insumoliquido (id, densidad) values (9, 37.4601);
insert into trabajopractico.insumoliquido (id, densidad) values (10, 89.6673);
insert into trabajopractico.insumoliquido (id, densidad) values (11, 28.6112);
insert into trabajopractico.insumoliquido (id, densidad) values (12, 5.6796);
insert into trabajopractico.insumoliquido (id, densidad) values (13, 24.0557);
insert into trabajopractico.insumoliquido (id, densidad) values (14, 60.2155);
insert into trabajopractico.insumoliquido (id, densidad) values (15, 25.6806);
insert into trabajopractico.insumoliquido (id, densidad) values (16, 34.3513);
insert into trabajopractico.insumoliquido (id, densidad) values (17, 94.4761);
insert into trabajopractico.insumoliquido (id, densidad) values (18, 81.4439);
insert into trabajopractico.insumoliquido (id, densidad) values (19, 67.2114);
insert into trabajopractico.insumoliquido (id, densidad) values (20, 15.4594);
insert into trabajopractico.insumoliquido (id, densidad) values (21, 19.6883);
insert into trabajopractico.insumoliquido (id, densidad) values (22, 85.3805);
insert into trabajopractico.insumoliquido (id, densidad) values (23, 7.4561);
insert into trabajopractico.insumoliquido (id, densidad) values (24, 22.1982);
insert into trabajopractico.insumoliquido (id, densidad) values (25, 89.1877);



insert into trabajopractico.insumoGeneral (id, peso) values (26, 19.6883);
insert into trabajopractico.insumoGeneral (id, peso) values (27, 85.3805);
insert into trabajopractico.insumoGeneral (id, peso) values (28, 7.4561);
insert into trabajopractico.insumoGeneral (id, peso) values (29, 22.1982);
insert into trabajopractico.insumoGeneral (id, peso) values (30, 89.1877);


insert into trabajopractico.stock (id, cantidad, ptominimodepedido, idinsumo, idplanta) values (1, 1127, 403, 29, 2);
insert into trabajopractico.stock (id, cantidad, ptominimodepedido, idinsumo, idplanta) values (2, 9452, 264, 1, 5);
insert into trabajopractico.stock (id, cantidad, ptominimodepedido, idinsumo, idplanta) values (3, 9658, 805, 22, 10);
insert into trabajopractico.stock (id, cantidad, ptominimodepedido, idinsumo, idplanta) values (4, 3363, 81, 2, 10);
insert into trabajopractico.stock (id, cantidad, ptominimodepedido, idinsumo, idplanta) values (5, 2816, 782, 4, 2);
insert into trabajopractico.stock (id, cantidad, ptominimodepedido, idinsumo, idplanta) values (6, 290, 214, 28, 3);
insert into trabajopractico.stock (id, cantidad, ptominimodepedido, idinsumo, idplanta) values (7, 412, 884, 10, 4);
insert into trabajopractico.stock (id, cantidad, ptominimodepedido, idinsumo, idplanta) values (8, 9875, 739, 27, 6);
insert into trabajopractico.stock (id, cantidad, ptominimodepedido, idinsumo, idplanta) values (9, 7798, 290, 19, 4);
insert into trabajopractico.stock (id, cantidad, ptominimodepedido, idinsumo, idplanta) values (10, 8344, 97, 20, 5);
insert into trabajopractico.stock (id, cantidad, ptominimodepedido, idinsumo, idplanta) values (11, 9907, 938, 19, 1);
insert into trabajopractico.stock (id, cantidad, ptominimodepedido, idinsumo, idplanta) values (12, 8019, 818, 13, 5);
insert into trabajopractico.stock (id, cantidad, ptominimodepedido, idinsumo, idplanta) values (13, 396, 764, 18, 6);
insert into trabajopractico.stock (id, cantidad, ptominimodepedido, idinsumo, idplanta) values (14, 4396, 31, 10, 2);
insert into trabajopractico.stock (id, cantidad, ptominimodepedido, idinsumo, idplanta) values (15, 8996, 67, 26, 10);
insert into trabajopractico.stock (id, cantidad, ptominimodepedido, idinsumo, idplanta) values (16, 8864, 265, 2, 9);
insert into trabajopractico.stock (id, cantidad, ptominimodepedido, idinsumo, idplanta) values (17, 2085, 499, 2, 8);
insert into trabajopractico.stock (id, cantidad, ptominimodepedido, idinsumo, idplanta) values (18, 892, 205, 20, 8);
insert into trabajopractico.stock (id, cantidad, ptominimodepedido, idinsumo, idplanta) values (19, 8473, 705, 14, 1);
insert into trabajopractico.stock (id, cantidad, ptominimodepedido, idinsumo, idplanta) values (20, 2182, 783, 13, 10);
